protein	gene	compass
A0JNW5	BLTP3B	0.014
A0MZ66	SHTN1	0.169
A1A4S6	ARHGAP10	0.249
A1L390	PLEKHG3	0.31
A1L3X0	ELOVL7	0.025
A2A288	ZC3H12D	0.188
A2RTX5	TARS3	0.317
A2RU30	TESPA1	0.414
A2VDJ0	TMEM131L	0.337
A3KMH1	VWA8	4.464
A3KN83	SBNO1	0.17
A4D1B5	GSAP	0.126
A4D1E9	GTPBP10	5.263
A4D1U4	DENND11	4.308
A5PLN9	TRAPPC13	0.095
A6NDU8	RIMOC1	0.162
A6NFQ2	TCAF2	0.41
A6NI79	CCDC69	0.107
A6NIH7	UNC119B	0.157
A6NK58	LIPT2	6.473
A6QL63	ABTB3	0.156
A7E2V4	ZSWIM8	0.06
A8CG34	POM121C	0.019
A8MTT3	CEBPZOS	0.374
A8MXV4	NUDT19	3.731
A9UHW6	MIF4GD	0.016
B0I1T2	MYO1G	0.12
B2RUZ4	SMIM1	0.363
L0R819	ASDURF	0.324
O00115	DNASE2	5.486
O00142	TK2	4.504
O00154	ACOT7	0.281
O00182	LGALS9	0.294
O00186	STXBP3	0.047
O00189	AP4M1	0.163
O00193	SMAP	0.249
O00203	AP3B1	0.055
O00257	CBX4	0.245
O00258	GET1	0.21
O00268	TAF4	0.493
O00273	DFFA	0.344
O00287	RFXAP	0.418
O00291	HIP1	0.496
O00391	QSOX1	0.331
O00425	IGF2BP3	0.321
O00429	DNM1L	0.106
O00442	RTCA	0.43
O00443	PIK3C2A	0.142
O00459	PIK3R2	0.493
O00462	MANBA	5.432
O00471	EXOC5	0.012
O00479	HMGN4	0.005
O00481	BTN3A1	0.106
O00488	ZNF593	0.115
O00501	CLDN5	0.041
O00584	RNASET2	4.579
O00754	MAN2B1	3.059
O14773	TPP1	6.235
O14964	HGS	0.164
O15118	NPC1	3.381
O43488	AKR7A2	0.206
O43567	RNF13	5.498
O43865	AHCYL1	0.217
O75629	CREG1	2.538
O75828	CBR3	0.188
O75955	FLOT1	5.204
Q9BQS8	FYCO1	0.189
