protein	gene	crapome
A0JNW5	BLTP3B	0.184
A0MZ66	SHTN1	0.029
A1A4S6	ARHGAP10	0.105
A1L390	PLEKHG3	0.103
A1L3X0	ELOVL7	0.133
A2A288	ZC3H12D	0.159
A2RTX5	TARS3	0.151
A2RU30	TESPA1	0.102
A2VDJ0	TMEM131L	0.112
A3KMH1	VWA8	0.688
A3KN83	SBNO1	0.067
A4D1B5	GSAP	0.102
A4D1E9	GTPBP10	0.615
A4D1U4	DENND11	0.612
A5PLN9	TRAPPC13	0.136
A6NDU8	RIMOC1	0.14
A6NFQ2	TCAF2	0.06
A6NI79	CCDC69	0.025
A6NIH7	UNC119B	0.132
A6NK58	LIPT2	0.796
A6QL63	ABTB3	0.037
A7E2V4	ZSWIM8	0.168
A8CG34	POM121C	0.016
A8MTT3	CEBPZOS	0.085
A8MXV4	NUDT19	0.909
A9UHW6	MIF4GD	0.139
B0I1T2	MYO1G	0.175
B2RUZ4	SMIM1	0.161
L0R819	ASDURF	0.155
O00115	DNASE2	0.903
O00142	TK2	0.883
O00154	ACOT7	0.079
O00182	LGALS9	0.052
O00186	STXBP3	0.003
O00189	AP4M1	0.125
O00193	SMAP	0.083
O00203	AP3B1	0.067
O00257	CBX4	0.052
O00258	GET1	0.107
O00268	TAF4	0.141
O00273	DFFA	0.166
O00287	RFXAP	0.078
O00291	HIP1	0.176
O00391	QSOX1	0.195
O00425	IGF2BP3	0.131
O00429	DNM1L	0.036
O00442	RTCA	0.037
O00443	PIK3C2A	0.185
O00459	PIK3R2	0.029
O00462	MANBA	0.955
O00471	EXOC5	0.041
O00479	HMGN4	0.063
O00481	BTN3A1	0.146
O00488	ZNF593	0.183
O00501	CLDN5	0.061
O00584	RNASET2	0.968
O00754	MAN2B1	0.905
O14773	TPP1	0.969
O14964	HGS	0.067
O15118	NPC1	0.79
O43488	AKR7A2	0.074
O43567	RNF13	0.811
O43865	AHCYL1	0.142
O75629	CREG1	0.643
O75828	CBR3	0.055
O75955	FLOT1	0.785
Q9BQS8	FYCO1	0.052
