protein	gene	log2_fold_change	p_value	p_adjusted
LYS1	LYSGENE1	3.0949626386893	9.30857886463723e-47	3.10285962154574e-46
LYS6	LYSGENE6	2.90540234929292	5.426419312743e-44	1.479932539839e-43
CYT3	CYTGENE3	-3.27101060135985	1.88744968721876e-49	3.04662966066369e-48
LYS3	LYSGENE3	3.11366159967986	7.61770627468541e-47	2.85663985300703e-46
LYS8	LYSGENE8	3.21633768800216	2.21011765649695e-48	2.21011765649695e-47
CYT5	CYTGENE5	-2.84410485985664	5.09576510033894e-42	1.09194966435834e-41
LYS5	LYSGENE5	2.81805004067592	1.06640210729258e-40	2.13280421458517e-40
CYT2	CYTGENE2	-3.11950226136062	3.73205463609937e-47	2.04412447570271e-46
LYS2	LYSGENE2	3.11337066217008	4.76962377663965e-47	2.04412447570271e-46
LYS7	LYSGENE7	2.92782119226124	2.50389166665128e-43	5.77821153842602e-43
CYT4	CYTGENE4	-2.88709001851314	2.24366257453517e-43	5.60915643633792e-43
LYS4	LYSGENE4	3.13977824695109	4.39281194070517e-47	2.04412447570271e-46
CYT1	CYTGENE1	-3.16906661550382	2.23086400173671e-47	1.67314800130253e-46
CYT6	CYTGENE6	-2.72573783287414	1.25489311189178e-39	2.35292458479708e-39
FLAT3	FLATGENE3	-0.260082037620805	0.0836571001009686	0.147630176648768
FLAT8	FLATGENE8	-0.0739073480684666	0.621013635913152	0.810017785973677
CYT8	CYTGENE8	-3.28160509649091	2.03108644044246e-49	3.04662966066369e-48
FLAT5	FLATGENE5	0.13530579199933	0.365823490078614	0.548735235117921
FLAT10	FLATGENE10	0.111246992526467	0.459167655879588	0.626137712563074
FLAT2	FLATGENE2	0.0638843125690853	0.67334018050964	0.832285736617565
FLAT7	FLATGENE7	0.124295528408266	0.408834487979135	0.584049268541622
CYT7	CYTGENE7	-2.99994209191714	1.14665374511357e-44	3.4399612353407e-44
FLAT4	FLATGENE4	-0.0467931334707381	0.755012394861568	0.860281793796259
FLAT9	FLATGENE9	-0.0440710974863173	0.774253614416633	0.860281793796259
FLAT1	FLATGENE1	-0.0604159107382307	0.693571447181304	0.832285736617565
FLAT6	FLATGENE6	0.177953690648657	0.237660890692441	0.375254037935433
FLAT11	FLATGENE11	-0.0135137066041878	0.931818634213544	0.938519113026186
FLAT13	FLATGENE13	-0.25452976003086	0.0955691260260931	0.159281876710155
FLAT12	FLATGENE12	0.0117211405487902	0.938519113026186	0.938519113026186
FLAT14	FLATGENE14	0.0156122335336321	0.917074903753934	0.938519113026186
