protein	gene	go_evidence	p_fdr_bh	matched_terms
O00115	DNASE2	2.7821927898783465	0.0016512286301864454	GO:0005764
O00203	AP3B1	0.6938648405505685	0.20236488728653437	GO:0005765
O00462	MANBA	2.7821927898783465	0.0016512286301864454	GO:0005764;GO:0005765;GO:0035577;GO:0043202
O00584	RNASET2	2.243121382990029	0.005713189337617747	GO:0043202
O00754	MAN2B1	2.7821927898783465	0.0016512286301864454	GO:0005764;GO:0043202
O14773	TPP1	2.7821927898783465	0.0016512286301864454	GO:0005764;GO:0043202
O15118	NPC1	2.7821927898783465	0.0016512286301864454	GO:0005764;GO:0005765
O43567	RNF13	0.6938648405505685	0.20236488728653437	GO:0005765
O75629	CREG1	2.7821927898783465	0.0016512286301864454	GO:0005764
O75955	FLOT1	0.6938648405505685	0.20236488728653437	GO:0005765
Q9BQS8	FYCO1	2.7821927898783465	0.0016512286301864454	GO:0005764
