protein	gene	organelle_specificity	fold_change
A4D1U4	DENND11	2.57631649687988	2.57631649687988
O00115	DNASE2	2.36565243535381	2.36565243535381
O00203	AP3B1	-6.05922031607762	-3.02961015803881
O00462	MANBA	2.45901109587904	2.45901109587904
O00584	RNASET2	3.62723006743876	3.62723006743876
O00754	MAN2B1	3.92847943809279	3.92847943809279
O14773	TPP1	2.40025798711935	2.40025798711935
O14964	HGS	-5.44478651615792	-2.72239325807896
O15118	NPC1	4.06853733029165	4.06853733029165
O43567	RNF13	2.61757878596766	2.61757878596766
O75629	CREG1	2.65556728556759	2.65556728556759
O75955	FLOT1	2.59468556607077	2.59468556607077
Q9BQS8	FYCO1	-5.12581692288844	-2.56290846144422
