protein	gene	reproducibility	ip_consistency	wcl_consistency
LYS1	LYSGENE1	0.9150921522901512	0.9408879004488739	0.8892964041314283
LYS2	LYSGENE2	0.9075048161146517	0.9219964583724256	0.8930131738568778
LYS3	LYSGENE3	0.8954751453521987	0.9164544652385347	0.8744958254658629
LYS4	LYSGENE4	0.8917836402487649	0.9384537995675533	0.8451134809299764
LYS5	LYSGENE5	0.8299998416354386	0.8031097475205888	0.8568899357502884
LYS6	LYSGENE6	0.957110110982079	0.9336887734463453	0.9805314485178126
LYS7	LYSGENE7	0.8645112359247934	0.9186251261755615	0.8103973456740253
LYS8	LYSGENE8	0.898343008410565	0.9513033028869958	0.8453827139341341
CYT1	CYTGENE1	0.8700517445579643	0.8677897928358266	0.8723136962801019
CYT2	CYTGENE2	0.9066584962188644	0.9061850427211436	0.9071319497165851
CYT3	CYTGENE3	0.8997743757537591	0.8965355397962005	0.9030132117113177
CYT4	CYTGENE4	0.917141612183505	0.9410363845507826	0.8932468398162274
CYT5	CYTGENE5	0.8616627025769357	0.8720634253230386	0.8512619798308327
CYT6	CYTGENE6	0.8668216905672332	0.9190355963258341	0.8146077848086324
CYT7	CYTGENE7	0.8641050555673899	0.8452684140586995	0.8829416970760804
CYT8	CYTGENE8	0.8828111227326667	0.8845030709715397	0.8811191744937938
FLAT1	FLATGENE1	0.8432619275862734	0.8589623323341494	0.8275615228383973
FLAT2	FLATGENE2	0.8618922216806784	0.8894113109483979	0.834373132412959
FLAT3	FLATGENE3	0.9019917255382994	0.8867328657655711	0.9172505853110277
FLAT4	FLATGENE4	0.8956250773504644	0.8936917970238637	0.8975583576770652
FLAT5	FLATGENE5	0.9028768864541081	0.9038004810115929	0.9019532918966233
FLAT6	FLATGENE6	0.8875667868578718	0.9070979521725148	0.868035621543229
FLAT7	FLATGENE7	0.8881548733644252	0.8912918525222883	0.8850178942065622
FLAT8	FLATGENE8	0.9064480571786024	0.9067813090198171	0.9061148053373876
FLAT9	FLATGENE9	0.83743704202235	0.8022669125232355	0.8726071715214646
FLAT10	FLATGENE10	0.8946747556904235	0.8471989257419311	0.9421505856389158
FLAT11	FLATGENE11	0.7855630097411589	0.7863209840730719	0.7848050354092458
FLAT12	FLATGENE12	0.8542809148429645	0.8648295534140442	0.8437322762718849
FLAT13	FLATGENE13	0.8662349111115081	0.8288332783930042	0.9036365438300119
FLAT14	FLATGENE14	0.89005212865818	0.8871432064448151	0.8929610508715448
